2021-09-24 07:00,Softening point,39.2,°C
2021-09-24 05:00,Softening point,39.4,°C
2021-09-24 05:00,Dynamic viscosity at 60 °C,47,Pa.s
2021-09-23 05:00,Softening point,39.6,°C
2021-09-23 05:00,Dynamic viscosity at 60 °C,48.4,Pa.s
2021-09-23 05:00,Density at 15 °C,1034.93,kg/m³
2021-09-23 05:00,Density at 25 °C in air,1.02763,g/m³
2021-09-22 07:00,Softening point,39.6,°C
2021-09-22 05:00,Softening point,40.2,°C
2021-09-22 05:00,Dynamic viscosity at 60 °C,48.6,Pa.s
2021-09-21 13:45,Dynamic viscosity at 60 °C,48.3,Pa.s
2021-09-21 07:00,Softening point,40,°C
2021-09-21 05:00,Softening point,40.6,°C
2021-09-21 05:00,Dynamic viscosity at 60 °C,53.7,Pa.s
2021-09-21 05:00,Density at 15 °C,1033.54,kg/m³
2021-09-21 05:00,Density at 25 °C in air,1.02624,g/m³
2021-09-21 05:00,Softening point,39.8,°C
2021-09-21 05:00,Dynamic viscosity at 60 °C,45.3,Pa.s
2021-09-20 07:00,Softening point,41.4,°C
2021-09-20 05:00,Softening point,40,°C
2021-09-20 05:00,Dynamic viscosity at 60 °C,51.8,Pa.s
2021-09-19 07:00,Softening point,39.6,°C
2021-09-19 07:00,Dynamic viscosity at 60 °C,51.5,Pa.s
2021-09-19 07:00,Softening point,40.2,°C
2021-09-19 07:00,Dynamic viscosity at 60 °C,52.5,Pa.s
2021-09-19 07:00,Softening point,40.8,°C
2021-09-19 07:00,Dynamic viscosity at 60 °C,63,Pa.s
2021-09-18 11:00,Softening point,39.6,°C
2021-09-18 11:00,Dynamic viscosity at 60 °C,49.5,Pa.s
2021-09-18 11:00,Softening point,40.8,°C
2021-09-18 11:00,Dynamic viscosity at 60 °C,60.5,Pa.s
2021-09-17 07:00,Softening point,39,°C
2021-09-17 05:00,Dynamic viscosity at 60 °C,53.4,Pa.s
2021-09-16 07:00,Softening point,39.8,°C
2021-09-16 05:00,Dynamic viscosity at 60 °C,55.2,Pa.s
2021-09-16 05:00,Density at 15 °C,1035.44,kg/m³
2021-09-16 05:00,Density at 25 °C in air,1.02814,g/m³
2021-09-15 07:00,Softening point,40.8,°C
2021-09-15 05:00,Softening point,40.8,°C
2021-09-15 05:00,Dynamic viscosity at 60 °C,55.2,Pa.s
2021-09-14 07:00,Softening point,40.6,°C
2021-09-14 05:00,Dynamic viscosity at 60 °C,51.3,Pa.s
2021-09-13 05:00,Softening point,41,°C
2021-09-13 05:00,Softening point,40.6,°C
2021-09-13 05:00,Dynamic viscosity at 60 °C,55.6,Pa.s
2021-09-12 09:00,Softening point,40.2,°C
2021-09-12 09:00,Dynamic viscosity at 60 °C,54.5,Pa.s
2021-09-12 09:00,Softening point,40.8,°C
2021-09-10 07:00,Softening point,40.6,°C
2021-09-10 05:00,Softening point,40,°C
2021-09-10 05:00,Dynamic viscosity at 60 °C,54.7,Pa.s
2021-09-09 07:00,Softening point,40.4,°C
2021-09-09 05:00,Dynamic viscosity at 60 °C,53.6,Pa.s
2021-09-09 05:00,Density at 15 °C,1039.5,kg/m³
2021-09-08 07:00,Softening point,40,°C
2021-09-08 05:00,Softening point,40.2,°C
2021-09-08 05:00,Dynamic viscosity at 60 °C,52.7,Pa.s
2021-09-07 05:00,Dynamic viscosity at 60 °C,46.5,Pa.s
2021-09-07 05:00,Softening point,40,°C
2021-09-06 05:00,Softening point,40,°C
2021-09-06 05:00,Dynamic viscosity at 60 °C,52.9,Pa.s
2021-09-06 05:00,Softening point,40.4,°C
2021-09-06 05:00,Dynamic viscosity at 60 °C,53.4,Pa.s
2021-09-05 10:00,Softening point,40.2,°C
2021-09-05 10:00,Dynamic viscosity at 60 °C,51.3,Pa.s
2021-09-05 10:00,Softening point,40.4,°C
2021-09-05 10:00,Dynamic viscosity at 60 °C,51,Pa.s
2021-09-04 06:15,Softening point,40.4,°C
2021-09-04 06:15,Dynamic viscosity at 60 °C,48.9,Pa.s
2021-09-04 06:15,Softening point,41.6,°C
2021-09-04 06:15,Dynamic viscosity at 60 °C,51.6,Pa.s
2021-09-03 14:00,Softening point,39.8,°C
2021-09-03 14:00,Dynamic viscosity at 60 °C,47.7,Pa.s
2021-09-03 14:00,Density at 15 °C,1031.55,kg/m³
2021-09-03 07:00,Dynamic viscosity at 60 °C,42.8,Pa.s
2021-09-03 07:00,Softening point,39.8,°C
2021-09-03 07:00,Softening point,39.8,°C
2021-09-03 07:00,Dynamic viscosity at 60 °C,48.9,Pa.s
2021-09-02 07:00,Softening point,40.6,°C
2021-09-02 07:00,Dynamic viscosity at 60 °C,48.8,Pa.s
2021-09-02 05:00,Softening point,40.6,°C
2021-09-02 05:00,Dynamic viscosity at 60 °C,48.8,Pa.s
2021-09-02 05:00,Density at 15 °C,1034.72,kg/m³
2021-09-01 07:00,Softening point,40.6,°C
2021-09-01 07:00,Dynamic viscosity at 60 °C,50.5,Pa.s
2021-09-01 05:00,Softening point,40.2,°C
2021-09-01 05:00,Dynamic viscosity at 60 °C,50.3,Pa.s
2021-08-31 07:00,Softening point,39.8,°C
2021-08-31 07:00,Dynamic viscosity at 60 °C,46.6,Pa.s
2021-08-31 05:00,Softening point,39.2,°C
2021-08-31 05:00,Dynamic viscosity at 60 °C,43.5,Pa.s
2021-08-30 07:00,Dynamic viscosity at 60 °C,42.7,Pa.s
2021-08-30 07:00,Softening point,39.2,°C
2021-08-30 05:00,Softening point,39.8,°C
2021-08-30 05:00,Dynamic viscosity at 60 °C,49,Pa.s
2021-08-29 16:20,Softening point,40.2,°C
2021-08-29 16:20,Dynamic viscosity at 60 °C,48.7,Pa.s
2021-08-29 16:20,Softening point,39.4,°C
2021-08-29 16:20,Dynamic viscosity at 60 °C,44.9,Pa.s
2021-08-27 13:00,Softening point,40,°C
2021-08-27 13:00,Dynamic viscosity at 60 °C,50.5,Pa.s
2021-08-27 13:00,Softening point,38.8,°C
2021-08-27 13:00,Dynamic viscosity at 60 °C,43.9,Pa.s
2021-08-27 07:00,Softening point,40.4,°C
2021-08-27 05:00,Softening point,40.2,°C
2021-08-27 05:00,Dynamic viscosity at 60 °C,46.4,Pa.s
2021-08-26 07:00,Softening point,39.4,°C
2021-08-26 07:00,Dynamic viscosity at 60 °C,47.6,Pa.s
2021-08-26 05:00,Dynamic viscosity at 60 °C,51.3,Pa.s
2021-08-26 05:00,Density at 15 °C,1034,kg/m³
2021-08-26 05:00,Density at 15 °C in air,1034,kg/m³
2021-08-25 07:00,Softening point,39.6,°C
2021-08-25 07:00,Dynamic viscosity at 60 °C,52.8,Pa.s
2021-08-25 07:00,Softening point,39.2,°C
2021-08-24 07:00,Softening point,40.6,°C
2021-08-24 07:00,Dynamic viscosity at 60 °C,52.4,Pa.s
2021-08-24 05:00,Dynamic viscosity at 60 °C,52.1,Pa.s
2021-08-23 07:00,Softening point,39.8,°C
2021-08-23 07:00,Dynamic viscosity at 60 °C,47.2,Pa.s
2021-08-23 05:00,Softening point,40.2,°C
2021-08-23 05:00,Dynamic viscosity at 60 °C,50.5,Pa.s
2021-08-22 10:00,Softening point,39.8,°C
2021-08-22 10:00,Dynamic viscosity at 60 °C,50.2,Pa.s
2021-08-22 10:00,Softening point,39.8,°C
2021-08-22 10:00,Dynamic viscosity at 60 °C,49,Pa.s
2021-08-21 10:00,Softening point,40.2,°C
2021-08-21 10:00,Dynamic viscosity at 60 °C,50.4,Pa.s
2021-08-21 10:00,Softening point,40.2,°C
2021-08-21 10:00,Dynamic viscosity at 60 °C,49.2,Pa.s
2021-08-20 07:00,Softening point,40.4,°C
2021-08-20 05:00,Softening point,40.4,°C
2021-08-20 05:00,Dynamic viscosity at 60 °C,50.6,Pa.s
2021-08-19 07:00,Softening point,39.8,°C
2021-08-19 05:00,Dynamic viscosity at 60 °C,52.4,Pa.s
2021-08-19 05:00,Density at 15 °C,1032.48,kg/m³
2021-08-19 05:00,Density at 25 °C in air,1.02518,g/m³
2021-08-18 07:00,Dynamic viscosity at 60 °C,42.5,Pa.s
2021-08-18 07:00,Softening point,40.6,°C
2021-08-18 05:00,Softening point,40,°C
2021-08-18 05:00,Dynamic viscosity at 60 °C,50.3,Pa.s
2021-08-17 07:00,Softening point,39.2,°C
2021-08-17 05:00,Softening point,39.4,°C
2021-08-17 05:00,Dynamic viscosity at 60 °C,50.7,Pa.s
2021-08-16 07:00,Softening point,39.8,°C
2021-08-16 05:00,Softening point,40,°C
2021-08-16 05:00,Dynamic viscosity at 60 °C,51.9,Pa.s
2021-08-15 09:00,Softening point,39.6,°C
2021-08-15 09:00,Dynamic viscosity at 60 °C,50.6,Pa.s
2021-08-15 09:00,Softening point,40,°C
2021-08-15 09:00,Dynamic viscosity at 60 °C,49.5,Pa.s
2021-08-15 09:00,Softening point,39.6,°C
2021-08-15 09:00,Dynamic viscosity at 60 °C,43,Pa.s
2021-08-14 08:00,Softening point,40.2,°C
2021-08-14 08:00,Dynamic viscosity at 60 °C,51.1,Pa.s
2021-08-14 08:00,Softening point,40,°C
2021-08-14 08:00,Dynamic viscosity at 60 °C,50.7,Pa.s
2021-08-13 13:00,Dynamic viscosity at 60 °C,50.9,Pa.s
2021-08-13 07:00,Softening point,40.2,°C
2021-08-13 07:00,Dynamic viscosity at 60 °C,47.3,Pa.s
2021-08-13 05:00,Softening point,40.2,°C
2021-08-13 05:00,Dynamic viscosity at 60 °C,46.3,Pa.s
2021-08-12 07:00,Softening point,40,°C
2021-08-12 07:00,Dynamic viscosity at 60 °C,51.1,Pa.s
2021-08-12 05:00,Dynamic viscosity at 60 °C,50.5,Pa.s
2021-08-12 05:00,Density at 15 °C,1032.5,kg/m³
2021-08-12 05:00,Density at 15 °C in air,1032.5,kg/m³
2021-08-11 07:00,Dynamic viscosity at 60 °C,42.8,Pa.s
2021-08-11 07:00,Softening point,39.4,°C
2021-08-11 05:00,Softening point,40,°C
2021-08-11 05:00,Dynamic viscosity at 60 °C,51.5,Pa.s
2021-08-10 07:00,Softening point,39.2,°C
2021-08-10 07:00,Dynamic viscosity at 60 °C,47.1,Pa.s
2021-08-10 05:00,Softening point,40,°C
2021-08-10 05:00,Dynamic viscosity at 60 °C,51.3,Pa.s
2021-08-09 07:00,Softening point,40.4,°C
2021-08-09 07:00,Dynamic viscosity at 60 °C,50.1,Pa.s
2021-08-09 05:00,Softening point,40,°C
2021-08-09 05:00,Dynamic viscosity at 60 °C,52.5,Pa.s
2021-08-08 08:00,Softening point,39.6,°C
2021-08-08 08:00,Dynamic viscosity at 60 °C,50.9,Pa.s
2021-08-08 08:00,Softening point,39,°C
2021-08-08 08:00,Dynamic viscosity at 60 °C,47.8,Pa.s
2021-08-08 08:00,Softening point,39.4,°C
2021-08-08 08:00,Dynamic viscosity at 60 °C,44.3,Pa.s
2021-08-07 05:00,Softening point,58.1,°C
2021-08-07 05:00,Dynamic viscosity at 60 °C,50.2,Pa.s
2021-08-07 05:00,Softening point,41.1,°C
2021-08-07 05:00,Dynamic viscosity at 60 °C,56.9,Pa.s
2021-08-06 18:15,Softening point,40.2,°C
2021-08-06 18:15,Dynamic viscosity at 60 °C,50.5,Pa.s
2021-08-06 18:15,Softening point,40.8,°C
2021-08-06 18:15,Dynamic viscosity at 60 °C,50.3,Pa.s
2021-08-06 12:45,Dynamic viscosity at 60 °C,51.5,Pa.s
2021-08-06 12:45,Dynamic viscosity at 60 °C,56.4,Pa.s
2021-08-06 07:00,Softening point,41.2,°C
2021-08-06 07:00,Dynamic viscosity at 60 °C,60.4,Pa.s
2021-08-06 05:00,Softening point,39.8,°C
2021-08-06 05:00,Dynamic viscosity at 60 °C,49.9,Pa.s
2021-08-05 13:00,Softening point,41.2,°C
2021-08-05 09:00,Softening point,39.2,°C
2021-08-05 05:00,Softening point,39.8,°C
2021-08-05 05:00,Dynamic viscosity at 60 °C,43.3,Pa.s
2021-08-05 05:00,Density at 15 °C,1031.66,kg/m³
2021-08-05 05:00,Density at 25 °C in air,1.02436,g/m³
2021-08-04 07:00,Softening point,39.6,°C
2021-08-04 07:00,Dynamic viscosity at 60 °C,46.3,Pa.s
2021-08-04 05:00,Softening point,39.8,°C
2021-08-04 05:00,Dynamic viscosity at 60 °C,46.4,Pa.s
2021-08-04 05:00,Softening point,37.8,°C
2021-08-03 07:00,Softening point,39.6,°C
2021-08-03 07:00,Dynamic viscosity at 60 °C,47,Pa.s
2021-08-03 05:00,Softening point,39.8,°C
2021-08-03 05:00,Dynamic viscosity at 60 °C,49.2,Pa.s
2021-08-03 05:00,Softening point,38.6,°C
2021-08-03 05:00,Dynamic viscosity at 60 °C,43.2,Pa.s
2021-08-03 05:00,Density at 15 °C,1029.5,kg/m³
2021-08-03 05:00,Density at 25 °C in air,1.0222,g/cm³
2021-08-02 09:30,Softening point,39.2,°C
2021-08-02 09:30,Dynamic viscosity at 60 °C,46.6,Pa.s
2021-08-02 07:00,Softening point,39.8,°C
2021-08-02 07:00,Dynamic viscosity at 60 °C,48.9,Pa.s
2021-08-02 05:00,Softening point,38.6,°C
2021-08-02 05:00,Dynamic viscosity at 60 °C,42.2,Pa.s
2021-08-01 06:30,Softening point,38.4,°C
2021-08-01 06:30,Dynamic viscosity at 60 °C,42.2,Pa.s
2021-08-01 06:30,Softening point,39.2,°C
2021-08-01 06:30,Dynamic viscosity at 60 °C,42.6,Pa.s
2021-07-30 07:00,Softening point,39.4,°C
2021-07-30 07:00,Dynamic viscosity at 60 °C,45.9,Pa.s
2021-07-29 11:00,Softening point,38,°C
2021-07-29 11:00,Dynamic viscosity at 60 °C,37.2,Pa.s
2021-07-29 07:00,Softening point,37.8,°C
2021-07-29 07:00,Dynamic viscosity at 60 °C,39.8,Pa.s
2021-07-29 05:00,Softening point,35.4,°C
2021-07-29 05:00,Density at 15 °C,1028.5,kg/m³
2021-07-29 05:00,Density at 25 °C in air,1.0212,g/cm³
2021-07-29 05:00,Softening point,37.6,°C
2021-07-29 05:00,Dynamic viscosity at 60 °C,38.5,Pa.s
2021-07-28 07:00,Softening point,36.4,°C
2021-07-28 07:00,Dynamic viscosity at 60 °C,35.2,Pa.s
2021-07-28 05:00,Softening point,36.8,°C
2021-07-28 05:00,Dynamic viscosity at 60 °C,34.2,Pa.s
2021-07-28 05:00,Softening point,38.6,°C
2021-07-27 07:00,Softening point,35.4,°C
2021-07-27 07:00,Dynamic viscosity at 60 °C,30.3,Pa.s
2021-07-27 05:00,Dynamic viscosity at 60 °C,34.9,Pa.s
2021-07-26 07:00,Softening point,36,°C
2021-07-26 07:00,Dynamic viscosity at 60 °C,33.1,Pa.s
2021-07-26 05:00,Softening point,36.8,°C
2021-07-26 05:00,Dynamic viscosity at 60 °C,33.1,Pa.s
2021-07-25 10:00,Softening point,37.4,°C
2021-07-25 10:00,Dynamic viscosity at 60 °C,37.5,Pa.s
2021-07-25 10:00,Softening point,36.2,°C
2021-07-25 10:00,Dynamic viscosity at 60 °C,31.4,Pa.s
2021-07-24 09:00,Softening point,37.8,°C
2021-07-24 09:00,Dynamic viscosity at 60 °C,41.8,Pa.s
2021-07-24 09:00,Softening point,36.8,°C
2021-07-24 09:00,Dynamic viscosity at 60 °C,33.2,Pa.s
2021-07-23 07:00,Softening point,37.2,°C
2021-07-23 07:00,Dynamic viscosity at 60 °C,37.1,Pa.s
2021-07-23 05:00,Softening point,38.4,°C
2021-07-23 05:00,Dynamic viscosity at 60 °C,41.8,Pa.s
2021-07-23 05:00,Density at 15 °C in air,1029.5,kg/m³
2021-07-22 07:00,Softening point,36.8,°C
2021-07-22 07:00,Dynamic viscosity at 60 °C,36.8,Pa.s
2021-07-22 05:00,Softening point,38.4,°C
2021-07-22 05:00,Dynamic viscosity at 60 °C,39.9,Pa.s
2021-07-22 05:00,Density at 15 °C,1029.94,kg/m³
2021-07-22 05:00,Density at 25 °C in air,1.02264,g/m³
2021-07-21 07:00,Softening point,40.2,°C
2021-07-21 07:00,Dynamic viscosity at 60 °C,54.7,Pa.s
2021-07-21 05:00,Softening point,40.2,°C
2021-07-21 05:00,Dynamic viscosity at 60 °C,54.7,Pa.s
2021-07-21 05:00,Softening point,39.2,°C
2021-07-21 05:00,Dynamic viscosity at 60 °C,50.1,Pa.s
2021-07-21 01:00,Softening point,40,°C
2021-07-21 01:00,Dynamic viscosity at 60 °C,56.8,Pa.s
2021-07-20 07:00,Softening point,37.4,°C
2021-07-20 07:00,Dynamic viscosity at 60 °C,35.4,Pa.s
2021-07-20 05:00,Dynamic viscosity at 60 °C,67.4,Pa.s
2021-07-19 07:00,Softening point,36.8,°C
2021-07-19 07:00,Dynamic viscosity at 60 °C,35.6,Pa.s
2021-07-19 05:00,Softening point,39.6,°C
2021-07-19 05:00,Dynamic viscosity at 60 °C,55.3,Pa.s
2021-07-18 10:30,Softening point,42.4,°C
2021-07-18 10:30,Dynamic viscosity at 60 °C,73.5,Pa.s
2021-07-18 10:30,Softening point,41.6,°C
2021-07-18 10:30,Dynamic viscosity at 60 °C,64.5,Pa.s
2021-07-17 16:30,Softening point,42.4,°C
2021-07-17 16:30,Dynamic viscosity at 60 °C,75.4,Pa.s
2021-07-17 16:30,Density at 15 °C,1035,kg/m³
2021-07-17 16:30,Density at 25 °C in air,1.0277,g/m³
2021-07-17 16:30,Softening point,40.8,°C
2021-07-17 16:30,Dynamic viscosity at 60 °C,58.8,Pa.s
2021-07-16 07:00,Softening point,40.6,°C
2021-07-16 07:00,Dynamic viscosity at 60 °C,52.5,Pa.s
2021-07-16 05:00,Softening point,43,°C
2021-07-16 05:00,Dynamic viscosity at 60 °C,83.6,Pa.s
2021-07-15 07:00,Softening point,42.4,°C
2021-07-15 07:00,Dynamic viscosity at 60 °C,79.7,Pa.s
2021-07-15 05:00,Softening point,43.2,°C
2021-07-15 05:00,Dynamic viscosity at 60 °C,88,Pa.s
2021-07-15 05:00,Density at 15 °C,1036,kg/m³
2021-07-15 05:00,Density at 25 °C in air,1.03,g/cm³
2021-07-14 07:00,Softening point,42.4,°C
2021-07-14 07:00,Dynamic viscosity at 60 °C,87.5,Pa.s
2021-07-14 05:00,Dynamic viscosity at 60 °C,90.3,Pa.s
2021-07-13 07:00,Dynamic viscosity at 60 °C,95,Pa.s
2021-07-13 05:00,Softening point,42.8,°C
2021-07-13 05:00,Dynamic viscosity at 60 °C,86.2,Pa.s
2021-07-12 07:00,Softening point,43,°C
2021-07-12 07:00,Dynamic viscosity at 60 °C,93.9,Pa.s
2021-07-12 05:00,Softening point,42.8,°C
2021-07-12 05:00,Dynamic viscosity at 60 °C,83.7,Pa.s
2021-07-11 07:00,Softening point,42.4,°C
2021-07-11 07:00,Dynamic viscosity at 60 °C,80.2,Pa.s
2021-07-11 07:00,Softening point,43.2,°C
2021-07-11 07:00,Dynamic viscosity at 60 °C,89.2,Pa.s
2021-07-10 17:00,Softening point,42.2,°C
2021-07-10 17:00,Dynamic viscosity at 60 °C,79.2,Pa.s
2021-07-10 17:00,Softening point,42.6,°C
2021-07-10 17:00,Dynamic viscosity at 60 °C,70.1,Pa.s
2021-07-09 07:00,Softening point,42.6,°C
2021-07-09 07:00,Dynamic viscosity at 60 °C,83.5,Pa.s
2021-07-09 05:00,Softening point,42.4,°C
2021-07-09 05:00,Dynamic viscosity at 60 °C,82,Pa.s
2021-07-08 07:00,Softening point,42.6,°C
2021-07-08 07:00,Dynamic viscosity at 60 °C,82.1,Pa.s
2021-07-08 05:00,Softening point,42.4,°C
2021-07-08 05:00,Dynamic viscosity at 60 °C,81.3,Pa.s
2021-07-08 05:00,Density at 15 °C,1035,kg/m³
2021-07-07 07:00,Softening point,42.4,°C
2021-07-07 07:00,Dynamic viscosity at 60 °C,83.6,Pa.s
2021-07-07 05:00,Softening point,41.6,°C
2021-07-07 05:00,Dynamic viscosity at 60 °C,80.5,Pa.s
2021-07-06 07:00,Softening point,41.8,°C
2021-07-06 07:00,Dynamic viscosity at 60 °C,69.7,Pa.s
2021-07-06 05:00,Dynamic viscosity at 60 °C,75.1,Pa.s
2021-07-05 07:00,Softening point,43,°C
2021-07-05 07:00,Dynamic viscosity at 60 °C,69.2,Pa.s
2021-07-05 05:00,Softening point,41,°C
2021-07-05 05:00,Dynamic viscosity at 60 °C,69,Pa.s
2021-07-04 07:00,Softening point,41,°C
2021-07-04 07:00,Dynamic viscosity at 60 °C,64.5,Pa.s
2021-07-04 07:00,Softening point,39.4,°C
2021-07-04 07:00,Dynamic viscosity at 60 °C,54.2,Pa.s
2021-07-04 07:00,Softening point,42.6,°C
2021-07-03 13:00,Softening point,41.2,°C
2021-07-03 13:00,Dynamic viscosity at 60 °C,64.4,Pa.s
2021-07-03 13:00,Softening point,42.8,°C
2021-07-03 13:00,Softening point,39,°C
2021-07-03 13:00,Dynamic viscosity at 60 °C,49,Pa.s
2021-07-03 13:00,Density at 15 °C,1027.1,kg/m³
2021-07-02 16:30,Softening point,40.6,°C
2021-07-02 16:30,Dynamic viscosity at 60 °C,64.2,Pa.s
2021-07-02 16:30,Softening point,44.2,°C
2021-07-02 07:00,Softening point,44.4,°C
2021-07-02 07:00,Dynamic viscosity at 60 °C,95.5,Pa.s
2021-07-02 05:00,Softening point,40.6,°C
2021-07-02 05:00,Dynamic viscosity at 60 °C,64.5,Pa.s
2021-07-01 16:30,Softening point,40.4,°C
2021-07-01 16:30,Dynamic viscosity at 60 °C,60.3,Pa.s
2021-07-01 16:30,Softening point,44.2,°C
2021-07-01 07:00,Softening point,43.2,°C
2021-07-01 07:00,Dynamic viscosity at 60 °C,103.7,Pa.s
2021-07-01 05:00,Softening point,39.2,°C
2021-07-01 05:00,Dynamic viscosity at 60 °C,59,Pa.s
2021-07-01 05:00,Density at 15 °C,1030.03,kg/m³
2021-07-01 05:00,Density at 25 °C in air,1.02273,g/m³
2021-06-30 16:30,Softening point,39.8,°C
2021-06-30 16:30,Dynamic viscosity at 60 °C,53,Pa.s
2021-06-30 16:30,Softening point,43.6,°C
2021-06-30 07:00,Dynamic viscosity at 60 °C,101,Pa.s
2021-06-30 05:00,Softening point,38.6,°C
2021-06-30 05:00,Dynamic viscosity at 60 °C,55.9,Pa.s
2021-06-29 16:00,Softening point,38.8,°C
2021-06-29 16:00,Dynamic viscosity at 60 °C,48.6,Pa.s
2021-06-29 16:00,Softening point,43.4,°C
2021-06-29 16:00,Dynamic viscosity at 60 °C,95.7,Pa.s
2021-06-29 07:00,Softening point,37.8,°C
2021-06-29 07:00,Dynamic viscosity at 60 °C,51.4,Pa.s
2021-06-29 07:00,Softening point,39.6,°C
2021-06-29 07:00,Dynamic viscosity at 60 °C,61.9,Pa.s
2021-06-28 17:00,Softening point,39.2,°C
2021-06-28 17:00,Dynamic viscosity at 60 °C,52.2,Pa.s
2021-06-28 15:00,Softening point,47.7,°C
2021-06-28 07:00,Softening point,38.6,°C
2021-06-28 07:00,Dynamic viscosity at 60 °C,51.3,Pa.s
2021-06-28 05:00,Softening point,38.6,°C
2021-06-28 05:00,Dynamic viscosity at 60 °C,51.3,Pa.s
2021-06-27 09:00,Softening point,38,°C
2021-06-27 09:00,Dynamic viscosity at 60 °C,43.3,Pa.s
2021-06-27 09:00,Softening point,38.8,°C
2021-06-27 09:00,Dynamic viscosity at 60 °C,51,Pa.s
2021-06-27 09:00,Softening point,38.4,°C
2021-06-27 09:00,Softening point,37.8,°C
2021-06-27 09:00,Softening point,39.6,°C
2021-06-24 07:00,Softening point,39.6,°C
2021-06-24 05:00,Softening point,39,°C
2021-06-24 05:00,Dynamic viscosity at 60 °C,44.3,Pa.s
2021-06-24 05:00,Density at 15 °C,1027.38,kg/m³
2021-06-23 08:30,Softening point,36.4,°C
2021-06-23 08:30,Dynamic viscosity at 60 °C,39.6,Pa.s
2021-06-23 05:00,Softening point,37.4,°C
2021-06-23 05:00,Dynamic viscosity at 60 °C,47.8,Pa.s
2021-06-23 05:00,Softening point,38,°C
2021-06-22 08:30,Softening point,37.6,°C
2021-06-22 08:30,Dynamic viscosity at 60 °C,41.5,Pa.s
2021-06-22 07:00,Softening point,38.4,°C
2021-06-22 05:00,Softening point,37.8,°C
2021-06-22 05:00,Dynamic viscosity at 60 °C,46.1,Pa.s
2021-06-22 05:00,Softening point,36.6,°C
2021-06-22 05:00,Dynamic viscosity at 60 °C,38.7,Pa.s
2021-06-22 05:00,Density at 15 °C,1023.6,kg/m³
2021-06-21 05:00,Softening point,36.4,°C
2021-06-21 05:00,Dynamic viscosity at 60 °C,37.4,Pa.s
2021-06-21 05:00,Dynamic viscosity at 60 °C,45.7,Pa.s
2021-06-21 05:00,Softening point,38.6,°C
2021-06-20 08:50,Softening point,34.8,°C
2021-06-20 08:50,Dynamic viscosity at 60 °C,38.5,Pa.s
2021-06-20 08:50,Softening point,36.6,°C
2021-06-20 08:50,Dynamic viscosity at 60 °C,44.6,Pa.s
2021-06-20 08:50,Softening point,36.4,°C
2021-06-20 08:50,Dynamic viscosity at 60 °C,43.5,Pa.s
2021-06-19 09:00,Softening point,35.4,°C
2021-06-19 09:00,Dynamic viscosity at 60 °C,45.9,Pa.s
2021-06-19 09:00,Softening point,34.6,°C
2021-06-19 09:00,Dynamic viscosity at 60 °C,33.3,Pa.s
2021-06-19 09:00,Softening point,37.2,°C
2021-06-19 09:00,Dynamic viscosity at 60 °C,53.8,Pa.s
2021-06-18 13:00,Softening point,37.4,°C
2021-06-18 13:00,Dynamic viscosity at 60 °C,46.2,Pa.s
2021-06-18 07:00,Softening point,37.6,°C
2021-06-18 07:00,Dynamic viscosity at 60 °C,51.6,Pa.s
2021-06-18 05:00,Softening point,37.4,°C
2021-06-18 05:00,Dynamic viscosity at 60 °C,48,Pa.s
2021-06-17 07:00,Softening point,38.8,°C
2021-06-17 07:00,Dynamic viscosity at 60 °C,49.6,Pa.s
2021-06-17 05:00,Dynamic viscosity at 60 °C,46.6,Pa.s
2021-06-17 05:00,Density at 15 °C,1026,kg/m³
2021-06-17 05:00,Density at 25 °C in air,1.0187,g/cm³
2021-06-16 07:00,Softening point,38.2,°C
2021-06-16 07:00,Dynamic viscosity at 60 °C,49.3,Pa.s
2021-06-16 05:00,Softening point,35.8,°C
2021-06-16 05:00,Dynamic viscosity at 60 °C,34.7,Pa.s
2021-06-16 05:00,Softening point,36,°C
2021-06-16 05:00,Dynamic viscosity at 60 °C,43.2,Pa.s
2021-06-15 05:00,Dynamic viscosity at 60 °C,33.5,Pa.s
2021-06-15 05:00,Softening point,37.2,°C
2021-06-15 05:00,Dynamic viscosity at 60 °C,43.6,Pa.s
2021-06-14 18:00,Softening point,36.4,°C
2021-06-14 18:00,Dynamic viscosity at 60 °C,42,Pa.s
2021-06-14 18:00,Density at 15 °C,1025,kg/m³
2021-06-14 18:00,Density at 25 °C in air,1.0177,g/m³
2021-06-14 07:00,Softening point,37.2,°C
2021-06-14 07:00,Dynamic viscosity at 60 °C,53.4,Pa.s
2021-06-14 05:00,Softening point,36.4,°C
2021-06-14 05:00,Dynamic viscosity at 60 °C,36,Pa.s
2021-06-14 05:00,Softening point,37.2,°C
2021-06-14 05:00,Dynamic viscosity at 60 °C,41.3,Pa.s
2021-06-14 05:00,Density at 15 °C,1025,kg/m³
2021-06-13 14:15,Density at 15 °C,1023,kg/m³
2021-06-13 14:15,Density at 25 °C in air,1.0157,g/cm³
2021-06-13 12:00,Softening point,36,°C
2021-06-13 12:00,Dynamic viscosity at 60 °C,33.7,Pa.s
2021-06-13 07:00,Softening point,39.4,°C
2021-06-13 07:00,Dynamic viscosity at 60 °C,52.7,Pa.s
2021-06-12 12:00,Softening point,37.4,°C
2021-06-12 12:00,Dynamic viscosity at 60 °C,40.4,Pa.s
2021-06-11 07:00,Softening point,36.4,°C
2021-06-11 07:00,Dynamic viscosity at 60 °C,39.2,Pa.s
2021-06-11 05:00,Softening point,36.6,°C
2021-06-11 05:00,Dynamic viscosity at 60 °C,40.9,Pa.s
2021-06-10 07:00,Softening point,36.6,°C
2021-06-10 07:00,Dynamic viscosity at 60 °C,34.3,Pa.s
2021-06-10 05:00,Softening point,41,°C
2021-06-10 05:00,Dynamic viscosity at 60 °C,40.7,Pa.s
2021-06-10 05:00,Density at 15 °C,1024,kg/m³
2021-06-10 05:00,Density at 25 °C in air,1.0167,g/m³
2021-06-09 07:00,Softening point,36.2,°C
2021-06-09 05:00,Softening point,36.8,°C
2021-06-09 05:00,Dynamic viscosity at 60 °C,40.8,Pa.s
2021-06-08 05:00,Dynamic viscosity at 60 °C,39.7,Pa.s
2021-06-08 05:00,Softening point,36.6,°C
2021-06-08 05:00,Dynamic viscosity at 60 °C,41.1,Pa.s
2021-06-07 05:00,Softening point,36.8,°C
2021-06-07 05:00,Softening point,37.2,°C
2021-06-07 05:00,Dynamic viscosity at 60 °C,41.4,Pa.s
2021-06-06 07:00,Softening point,37.4,°C
2021-06-06 07:00,Dynamic viscosity at 60 °C,41.5,Pa.s
2021-06-06 07:00,Softening point,37.2,°C
2021-06-04 07:00,Softening point,37,°C
2021-06-04 07:00,Dynamic viscosity at 60 °C,40.7,Pa.s
2021-06-04 05:00,Softening point,36.6,°C
2021-06-04 05:00,Dynamic viscosity at 60 °C,40.2,Pa.s
2021-06-03 07:00,Dynamic viscosity at 60 °C,40.1,Pa.s
2021-06-03 07:00,Softening point,36.2,°C
2021-06-03 05:00,Density at 15 °C,1024,kg/m³
2021-06-03 05:00,Density at 25 °C in air,1.0167,g/m³
2021-06-03 05:00,Dynamic viscosity at 60 °C,41.2,Pa.s
2021-06-02 08:45,Softening point,35,°C
2021-06-02 08:45,Dynamic viscosity at 60 °C,30.1,Pa.s
2021-06-02 07:00,Dynamic viscosity at 60 °C,38.3,Pa.s
2021-06-02 07:00,Softening point,35.8,°C
2021-06-02 05:00,Softening point,37,°C
2021-06-02 05:00,Dynamic viscosity at 60 °C,41.9,Pa.s
2021-06-01 07:00,Softening point,37.4,°C
2021-06-01 07:00,Dynamic viscosity at 60 °C,41.7,Pa.s
2021-06-01 05:00,Softening point,34.6,°C
2021-06-01 05:00,Dynamic viscosity at 60 °C,29.6,Pa.s
2021-05-28 12:00,Softening point,37.2,°C
2021-05-28 12:00,Softening point,36.8,°C
2021-05-25 05:00,Softening point,37.4,°C
2021-05-25 05:00,Dynamic viscosity at 60 °C,44.3,Pa.s
2021-05-20 05:00,Softening point,35.2,°C
2021-05-20 05:00,Dynamic viscosity at 60 °C,30,Pa.s
2021-05-20 05:00,Dynamic viscosity at 60 °C,41.2,Pa.s
2021-05-19 13:30,Softening point,34.8,°C
2021-05-19 13:30,Dynamic viscosity at 60 °C,26,Pa.s
2021-05-19 13:30,Density at 15 °C,1024,kg/m³
2021-05-19 13:30,Density at 25 °C in air,1.0167,g/cm³
2021-05-19 05:00,Softening point,37.2,°C
2021-05-19 05:00,Dynamic viscosity at 60 °C,40.6,Pa.s
2021-05-19 05:00,Density at 15 °C,1023,kg/m³
2021-05-19 05:00,Density at 25 °C in air,1.0157,g/cm³
2021-05-18 07:00,Softening point,36,°C
2021-05-18 07:00,Dynamic viscosity at 60 °C,37.2,Pa.s
2021-05-18 05:00,Dynamic viscosity at 60 °C,40.6,Pa.s
2021-05-17 05:00,Softening point,37.4,°C
2021-05-17 05:00,Dynamic viscosity at 60 °C,42.7,Pa.s
2021-05-17 05:00,Softening point,37.2,°C
2021-05-17 05:00,Dynamic viscosity at 60 °C,40.7,Pa.s
2021-05-16 11:00,Softening point,36.8,°C
2021-05-16 11:00,Dynamic viscosity at 60 °C,41.8,Pa.s
2021-05-16 11:00,Softening point,36.8,°C
2021-05-16 11:00,Dynamic viscosity at 60 °C,39.2,Pa.s
2021-05-14 07:00,Softening point,36.2,°C
2021-05-14 07:00,Dynamic viscosity at 60 °C,39.2,Pa.s
2021-05-13 05:00,Softening point,36.2,°C
2021-05-13 05:00,Dynamic viscosity at 60 °C,38.5,Pa.s
2021-05-13 05:00,Density at 15 °C,1024,kg/m³
2021-05-13 05:00,Density at 25 °C in air,1.0167,g/m³
2021-05-12 07:00,Softening point,36.8,°C
2021-05-12 07:00,Dynamic viscosity at 60 °C,39.8,Pa.s
2021-05-12 05:00,Softening point,36.8,°C
2021-05-12 05:00,Dynamic viscosity at 60 °C,35.1,Pa.s
2021-05-11 07:00,Softening point,36.4,°C
2021-05-11 07:00,Dynamic viscosity at 60 °C,39.1,Pa.s
2021-05-11 05:00,Dynamic viscosity at 60 °C,38.2,Pa.s
2021-05-10 07:00,Softening point,36.4,°C
2021-05-10 07:00,Dynamic viscosity at 60 °C,37.8,Pa.s
2021-05-10 05:00,Softening point,36.2,°C
2021-05-10 05:00,Dynamic viscosity at 60 °C,40,Pa.s
2021-05-09 08:00,Softening point,36.2,°C
2021-05-09 08:00,Dynamic viscosity at 60 °C,38.4,Pa.s
2021-05-09 08:00,Softening point,36,°C
2021-05-09 08:00,Dynamic viscosity at 60 °C,39,Pa.s
2021-05-07 07:00,Softening point,36.2,°C
2021-05-07 07:00,Dynamic viscosity at 60 °C,38.3,Pa.s
2021-05-07 05:00,Softening point,36.4,°C
2021-05-07 05:00,Dynamic viscosity at 60 °C,37.7,Pa.s
2021-05-06 07:00,Softening point,36,°C
2021-05-06 05:00,Dynamic viscosity at 60 °C,37.1,Pa.s
2021-05-06 05:00,Density at 15 °C,1024,kg/m³
2021-05-06 05:00,Density at 25 °C in air,1.0167,g/m³
2021-05-05 17:00,Softening point,35.2,°C
2021-05-05 17:00,Dynamic viscosity at 60 °C,37.3,Pa.s
2021-05-05 07:00,Softening point,36.6,°C
2021-05-05 07:00,Dynamic viscosity at 60 °C,41,Pa.s
2021-05-05 05:00,Softening point,36.2,°C
2021-05-05 05:00,Dynamic viscosity at 60 °C,38.9,Pa.s
2021-05-05 05:00,Dynamic viscosity at 60 °C,25,Pa.s
2021-05-04 07:00,Softening point,36.6,°C
2021-05-04 07:00,Dynamic viscosity at 60 °C,40.4,Pa.s
2021-05-04 05:00,Dynamic viscosity at 60 °C,39,Pa.s
2021-05-03 07:00,Softening point,35.8,°C
2021-05-03 07:00,Dynamic viscosity at 60 °C,38.6,Pa.s
2021-05-03 05:00,Softening point,36.4,°C
2021-05-03 05:00,Dynamic viscosity at 60 °C,38.8,Pa.s
2021-05-02 07:00,Softening point,34.8,°C
2021-05-02 07:00,Dynamic viscosity at 60 °C,27.2,Pa.s
2021-05-02 07:00,Softening point,37,°C
2021-05-02 07:00,Dynamic viscosity at 60 °C,39.3,Pa.s
2021-05-01 07:00,Softening point,37,°C
2021-05-01 07:00,Dynamic viscosity at 60 °C,39.8,Pa.s
2021-05-01 07:00,Softening point,36.4,°C
2021-05-01 07:00,Dynamic viscosity at 60 °C,37.5,Pa.s
2021-04-30 07:00,Softening point,36,°C
2021-04-30 07:00,Dynamic viscosity at 60 °C,36,Pa.s
2021-04-30 05:00,Softening point,35.8,°C
2021-04-30 05:00,Dynamic viscosity at 60 °C,35,Pa.s
2021-04-29 07:00,Softening point,36.2,°C
2021-04-29 07:00,Dynamic viscosity at 60 °C,37.7,Pa.s
2021-04-29 05:00,Dynamic viscosity at 60 °C,34.3,Pa.s
2021-04-29 05:00,Density at 15 °C,1024,kg/m³
2021-04-29 05:00,Density at 25 °C in air,1.0167,g/m³
2021-04-28 07:00,Dynamic viscosity at 60 °C,39.7,Pa.s
2021-04-28 05:00,Softening point,34,°C
2021-04-28 05:00,Dynamic viscosity at 60 °C,24.8,Pa.s
2021-04-28 05:00,Density at 15 °C,1024,kg/m³
2021-04-28 05:00,Density at 25 °C in air,1.0167,g/m³
2021-04-28 05:00,Softening point,35.2,°C
2021-04-28 05:00,Dynamic viscosity at 60 °C,34.2,Pa.s
2021-04-27 05:00,Softening point,36,°C
2021-04-27 05:00,Dynamic viscosity at 60 °C,32.6,Pa.s
2021-04-27 05:00,Softening point,30.5,°C
2021-04-27 05:00,Softening point,35.8,°C
2021-04-26 07:00,Softening point,34.2,°C
2021-04-26 07:00,Dynamic viscosity at 60 °C,26.55,Pa.s
2021-04-26 05:00,Dynamic viscosity at 60 °C,30.9,Pa.s
2021-04-25 08:00,Softening point,34,°C
2021-04-25 08:00,Dynamic viscosity at 60 °C,23.7,Pa.s
2021-04-25 08:00,Softening point,35.2,°C
2021-04-25 08:00,Dynamic viscosity at 60 °C,30.6,Pa.s
2021-04-23 08:30,Softening point,34.6,°C
2021-04-23 08:30,Dynamic viscosity at 60 °C,30.5,Pa.s
2021-04-23 05:00,Dynamic viscosity at 60 °C,24.9,Pa.s
2021-04-22 07:00,Dynamic viscosity at 60 °C,28.2,Pa.s
2021-04-22 07:00,Softening point,34.4,°C
2021-04-22 05:00,Dynamic viscosity at 60 °C,31.1,Pa.s
2021-04-22 05:00,Density at 15 °C,1025,kg/m³
2021-04-22 05:00,Density at 25 °C in air,1.0177,g/cm³
2021-04-21 07:00,Softening point,34.6,°C
2021-04-21 07:00,Dynamic viscosity at 60 °C,30.6,Pa.s
2021-04-20 08:30,Softening point,33.6,°C
2021-04-20 07:30,Dynamic viscosity at 60 °C,30.6,Pa.s
2021-04-19 07:00,Dynamic viscosity at 60 °C,31.8,Pa.s
2021-04-19 05:00,Softening point,34.4,°C
2021-04-19 05:00,Dynamic viscosity at 60 °C,33.4,Pa.s
2021-04-18 07:00,Softening point,34.6,°C
2021-04-18 07:00,Dynamic viscosity at 60 °C,33.1,Pa.s
2021-04-18 07:00,Softening point,34.6,°C
2021-04-18 07:00,Dynamic viscosity at 60 °C,30.3,Pa.s
2021-04-17 07:00,Softening point,35.6,°C
2021-04-17 07:00,Dynamic viscosity at 60 °C,33.1,Pa.s
2021-04-17 06:15,Softening point,35.6,°C
2021-04-17 06:15,Dynamic viscosity at 60 °C,32.3,Pa.s
2021-04-16 07:00,Softening point,35.2,°C
2021-04-16 07:00,Dynamic viscosity at 60 °C,23.7,Pa.s
2021-04-16 05:00,Softening point,34.6,°C
2021-04-16 05:00,Dynamic viscosity at 60 °C,27.1,Pa.s
2021-04-15 10:00,Softening point,32.8,°C
2021-04-15 10:00,Dynamic viscosity at 60 °C,22.5,Pa.s
2021-04-15 10:00,Density at 15 °C,1021,kg/m³
2021-04-15 10:00,Density at 25 °C in air,1.0137,g/m³
2021-04-15 07:00,Softening point,35,°C
2021-04-15 07:00,Dynamic viscosity at 60 °C,32.7,Pa.s
2021-04-15 05:00,Softening point,38.8,°C
2021-04-15 05:00,Dynamic viscosity at 60 °C,53.1,Pa.s
2021-04-14 07:00,Softening point,35,°C
2021-04-14 07:00,Dynamic viscosity at 60 °C,29.7,Pa.s
2021-04-14 05:00,Softening point,32.8,°C
2021-04-14 05:00,Dynamic viscosity at 60 °C,21.1,Pa.s
2021-04-13 07:00,Softening point,34.2,°C
2021-04-13 05:00,Dynamic viscosity at 60 °C,14.7,Pa.s
2021-04-12 05:00,Softening point,31.6,°C
2021-04-12 05:00,Dynamic viscosity at 60 °C,18.26,Pa.s
2021-04-11 11:00,Softening point,35,°C
2021-04-11 11:00,Dynamic viscosity at 60 °C,28.5,Pa.s
2021-04-11 10:00,Softening point,31,°C
2021-04-11 10:00,Dynamic viscosity at 60 °C,16.5,Pa.s
2021-04-10 11:00,Softening point,35.6,°C
2021-04-10 11:00,Dynamic viscosity at 60 °C,27.3,Pa.s
2021-04-10 11:00,Softening point,32,°C
2021-04-10 11:00,Dynamic viscosity at 60 °C,15,Pa.s
2021-04-10 11:00,Density at 15 °C,1017,kg/m³
2021-04-10 11:00,Density at 25 °C in air,1.0097,g/m³
2021-04-09 12:50,Softening point,30.8,°C
2021-04-09 12:50,Dynamic viscosity at 60 °C,16.86,Pa.s
2021-04-09 08:00,Softening point,29.6,°C
2021-04-09 08:00,Dynamic viscosity at 60 °C,13,Pa.s
2021-04-09 05:00,Softening point,29.6,°C
2021-04-09 05:00,Dynamic viscosity at 60 °C,13.73,Pa.s
2021-04-08 07:00,Softening point,31.6,°C
2021-04-08 07:00,Dynamic viscosity at 60 °C,17.52,Pa.s
2021-04-08 05:00,Softening point,29.2,°C
2021-04-08 05:00,Dynamic viscosity at 60 °C,13.82,Pa.s
2021-04-07 05:00,Softening point,29.6,°C
2021-04-07 05:00,Dynamic viscosity at 60 °C,13.39,Pa.s
2021-04-07 05:00,Density at 25 °C in air,1.01,g/cm³
2021-04-07 05:00,Density at 15 °C in vacuum,1017.3,kg/m³
2021-04-07 05:00,Softening point,32.1,°C
2021-04-07 05:00,Dynamic viscosity at 60 °C,18.62,Pa.s
2021-04-06 07:00,Softening point,29.6,°C
2021-04-06 07:00,Dynamic viscosity at 60 °C,14.25,Pa.s
2021-04-06 05:00,Softening point,36.8,°C
2021-04-06 05:00,Dynamic viscosity at 60 °C,45.33,Pa.s
2021-04-06 05:00,Softening point,37,°C
2021-04-06 05:00,Dynamic viscosity at 60 °C,46.3,Pa.s
2021-04-06 05:00,Softening point,29.2,°C
2021-04-06 05:00,Dynamic viscosity at 60 °C,13.15,Pa.s
2021-04-05 08:00,Softening point,29.8,°C
2021-04-05 08:00,Softening point,30.2,°C
2021-04-05 08:00,Dynamic viscosity at 60 °C,12.7,Pa.s
2021-04-05 08:00,Softening point,37.4,°C
2021-04-05 08:00,Dynamic viscosity at 60 °C,44.2,Pa.s
2021-04-04 08:00,Softening point,36.8,°C
2021-04-04 08:00,Dynamic viscosity at 60 °C,39.2,Pa.s
2021-04-04 08:00,Softening point,29.2,°C
2021-04-04 08:00,Dynamic viscosity at 60 °C,12.9,Pa.s
2021-04-04 08:00,Softening point,27.6,°C
2021-04-02 09:00,Softening point,29.6,°C
2021-04-02 09:00,Dynamic viscosity at 60 °C,13.8,Pa.s
2021-03-31 05:00,Softening point,29,°C
2021-03-31 05:00,Dynamic viscosity at 60 °C,13,Pa.s
2021-03-31 05:00,Density at 15 °C in vacuum,1016.9,kg/m³
2021-03-31 05:00,Density at 15 °C,1016,kg/m³
2021-03-31 05:00,Density at 25 °C in air,1.0096,g/cm³
2021-03-30 05:00,Softening point,29.2,°C
2021-03-30 05:00,Dynamic viscosity at 60 °C,11.96,Pa.s
2021-03-29 07:00,Softening point,30,°C
2021-03-29 07:00,Dynamic viscosity at 60 °C,12.6,Pa.s
2021-03-29 05:00,Softening point,29.2,°C
2021-03-29 05:00,Dynamic viscosity at 60 °C,12.8,Pa.s
2021-03-28 07:00,Softening point,30.4,°C
2021-03-28 07:00,Dynamic viscosity at 60 °C,12,Pa.s
2021-03-16 05:00,Softening point,39.2,°C
2021-03-16 05:00,Dynamic viscosity at 60 °C,59.3,Pa.s
2021-03-16 05:00,Density at 15 °C in vacuum,1035.3,kg/m³
2021-03-16 05:00,Density at 25 °C in air,1.028,g/cm³
2021-03-03 05:00,Softening point,39.4,°C
2021-03-03 05:00,Dynamic viscosity at 60 °C,56.3,Pa.s
2021-02-16 11:30,Softening point,40,°C
2021-02-16 11:30,Dynamic viscosity at 60 °C,55.9,Pa.s
2021-02-03 05:00,Softening point,38.6,°C
2021-02-03 05:00,Dynamic viscosity at 60 °C,53.5,Pa.s
2021-01-12 08:00,Dynamic viscosity at 60 °C,220.2,Pa.s
2020-12-30 08:30,Softening point,48.8,°C
2020-12-30 08:30,Dynamic viscosity at 60 °C,223,Pa.s
2020-12-15 05:00,Softening point,38.6,°C
2020-12-15 05:00,Dynamic viscosity at 60 °C,38.6,Pa.s
2020-12-04 05:00,Softening point,38.8,°C
2020-12-04 05:00,Dynamic viscosity at 60 °C,35.1,Pa.s
2020-12-04 05:00,Density at 25 °C in air,1.0271,g/cm³
2020-12-04 05:00,Density at 15 °C in vacuum,1034.4,kg/m³
2020-11-29 10:00,Softening point,38,°C
2020-11-29 10:00,Dynamic viscosity at 60 °C,38.8,Pa.s
2020-11-25 05:00,Softening point,38,°C
2020-11-25 05:00,Dynamic viscosity at 60 °C,38.2,Pa.s
2020-11-20 05:00,Softening point,37.6,°C
2020-11-20 05:00,Dynamic viscosity at 60 °C,37.1,Pa.s
2020-11-20 05:00,Density at 15 °C in vacuum,1030.3,kg/m³
2020-11-20 05:00,Density at 25 °C in air,1.023,g/cm³
2020-11-19 05:00,Softening point,37.8,°C
2020-11-19 05:00,Dynamic viscosity at 60 °C,36.2,Pa.s
2020-11-18 07:00,Softening point,37,°C
2020-11-18 07:00,Dynamic viscosity at 60 °C,37.6,Pa.s
2020-11-17 08:00,Softening point,38,°C
2020-11-17 08:00,Dynamic viscosity at 60 °C,33,Pa.s
2020-11-16 08:00,Softening point,37.6,°C
2020-11-16 08:00,Dynamic viscosity at 60 °C,36.3,Pa.s
2020-11-15 10:00,Softening point,37.6,°C
2020-11-15 10:00,Dynamic viscosity at 60 °C,36.2,Pa.s
2020-11-15 10:00,Softening point,37.6,°C
2020-11-14 09:30,Softening point,37.6,°C
2020-11-14 09:30,Dynamic viscosity at 60 °C,39.2,Pa.s
2020-11-14 08:15,Softening point,37.8,°C
2020-11-13 05:00,Dynamic viscosity at 60 °C,35.3,Pa.s
2020-11-13 05:00,Density at 15 °C in vacuum,1028.3,kg/m³
2020-11-13 05:00,Density at 25 °C in air,1.021,g/cm³
2020-11-12 07:00,Softening point,37.8,°C
2020-11-12 05:00,Softening point,38.6,°C
2020-11-12 05:00,Dynamic viscosity at 60 °C,35.5,Pa.s
2020-11-11 05:00,Softening point,38,°C
2020-11-11 05:00,Dynamic viscosity at 60 °C,32.6,Pa.s
2020-11-10 07:00,Softening point,38,°C
2020-11-10 05:00,Softening point,37.2,°C
2020-11-10 05:00,Dynamic viscosity at 60 °C,35.8,Pa.s
2020-11-09 05:00,Softening point,37.6,°C
2020-11-09 05:00,Dynamic viscosity at 60 °C,36.3,Pa.s
2020-11-08 09:00,Softening point,38,°C
2020-11-08 09:00,Dynamic viscosity at 60 °C,38.2,Pa.s
2020-11-08 09:00,Softening point,37.8,°C
2020-11-08 09:00,Dynamic viscosity at 60 °C,36.8,Pa.s
2020-11-07 08:15,Softening point,37.8,°C
2020-11-07 08:15,Softening point,37.4,°C
2020-11-07 08:15,Dynamic viscosity at 60 °C,36.6,Pa.s
2020-11-06 15:30,Softening point,38.4,°C
2020-11-06 15:30,Dynamic viscosity at 60 °C,36.5,Pa.s
2020-11-05 15:30,Softening point,37.6,°C
2020-11-05 15:30,Dynamic viscosity at 60 °C,36,Pa.s
2020-11-05 08:00,Softening point,37.4,°C
2020-11-05 07:00,Softening point,37.6,°C
2020-11-05 07:00,Dynamic viscosity at 60 °C,35.9,Pa.s
2020-11-05 07:00,Density at 25 °C in air,1.021,g/cm³
2020-11-05 07:00,Density at 15 °C in vacuum,1028.3,kg/m³
2020-11-04 05:00,Softening point,37.4,°C
2020-11-04 05:00,Dynamic viscosity at 60 °C,35.8,Pa.s
2020-11-03 07:00,Softening point,36.8,°C
2020-11-03 05:00,Softening point,36.8,°C
2020-11-03 05:00,Dynamic viscosity at 60 °C,36.2,Pa.s
2020-11-02 05:00,Softening point,35.8,°C
2020-11-02 05:00,Dynamic viscosity at 60 °C,35.8,Pa.s
2020-11-01 08:00,Dynamic viscosity at 60 °C,35.4,Pa.s
2020-11-01 08:00,Density at 15 °C in vacuum,1024.3,kg/m³
2020-11-01 08:00,Density at 25 °C in air,1.017,g/cm³
2020-11-01 08:00,Softening point,37.4,°C
2020-11-01 08:00,Dynamic viscosity at 60 °C,32.3,Pa.s
2020-10-29 07:00,Softening point,37,°C
2020-10-29 05:00,Dynamic viscosity at 60 °C,36,Pa.s
2020-10-28 05:00,Softening point,37.6,°C
2020-10-28 05:00,Dynamic viscosity at 60 °C,37,Pa.s
2020-10-27 07:00,Softening point,37,°C
2020-10-27 05:00,Dynamic viscosity at 60 °C,33.8,Pa.s
2020-10-27 05:00,Density at 25 °C in air,1.021,g/cm³
2020-10-27 05:00,Density at 15 °C in vacuum,1028.3,kg/m³
2020-10-26 05:00,Softening point,38.6,°C
2020-10-26 05:00,Dynamic viscosity at 60 °C,36.5,Pa.s
2020-10-25 08:00,Softening point,37.6,°C
2020-10-25 08:00,Dynamic viscosity at 60 °C,36.3,Pa.s
2020-10-25 08:00,Softening point,38,°C
2020-10-25 08:00,Dynamic viscosity at 60 °C,37.5,Pa.s
2020-10-23 05:00,Dynamic viscosity at 60 °C,32.9,Pa.s
2020-10-23 05:00,Density at 15 °C in vacuum,1028.3,kg/m³
2020-10-23 05:00,Density at 25 °C in air,1.021,g/cm³
2020-10-22 05:00,Dynamic viscosity at 60 °C,36.1,Pa.s
2020-10-21 07:00,Softening point,37,°C
2020-10-21 05:00,Softening point,36.8,°C
2020-10-21 05:00,Dynamic viscosity at 60 °C,33,Pa.s
2020-10-20 07:00,Softening point,37.3,°C
2020-10-20 05:00,Dynamic viscosity at 60 °C,37.3,Pa.s
2020-10-19 05:00,Softening point,37.8,°C
2020-10-19 05:00,Dynamic viscosity at 60 °C,35.3,Pa.s
2020-10-18 16:00,Softening point,38,°C
2020-10-18 16:00,Dynamic viscosity at 60 °C,37.3,Pa.s
2020-10-18 16:00,Density at 25 °C in air,1.02,g/cm³
2020-10-18 16:00,Density at 15 °C in vacuum,1027.3,kg/m³
2020-10-16 05:00,Softening point,37.5,°C
2020-10-16 05:00,Dynamic viscosity at 60 °C,36.2,Pa.s
2020-10-16 05:00,Density at 25 °C in air,1.021,g/cm³
2020-10-16 05:00,Density at 15 °C in vacuum,1028.3,kg/m³
2020-10-15 07:00,Softening point,36.8,°C
2020-10-15 05:00,Softening point,36.8,°C
2020-10-15 05:00,Dynamic viscosity at 60 °C,36.3,Pa.s
2020-10-14 05:00,Softening point,37,°C
2020-10-14 05:00,Dynamic viscosity at 60 °C,38,Pa.s
2020-10-13 07:00,Softening point,39.4,°C
2020-10-13 05:00,Dynamic viscosity at 60 °C,40.7,Pa.s
2020-10-13 05:00,Density at 25 °C in air,1.021,g/cm³
2020-10-13 05:00,Density at 15 °C in vacuum,1028.3,kg/m³
2020-10-12 05:00,Softening point,38.4,°C
2020-10-12 05:00,Dynamic viscosity at 60 °C,40.8,Pa.s
2020-10-11 08:00,Softening point,38.4,°C
2020-10-11 08:00,Dynamic viscosity at 60 °C,40.5,Pa.s
2020-10-09 07:00,Softening point,38.6,°C
2020-10-09 07:00,Dynamic viscosity at 60 °C,49,Pa.s
2020-10-09 07:00,Softening point,39,°C
2020-10-09 07:00,Dynamic viscosity at 60 °C,44.1,Pa.s
2020-10-09 07:00,Density at 25 °C in air,1.024,g/cm³
2020-10-09 07:00,Density at 15 °C in vacuum,1031.3,kg/m³
2020-10-08 07:00,Softening point,39,°C
2020-10-08 07:00,Dynamic viscosity at 60 °C,44.9,Pa.s
2020-10-08 07:00,Softening point,40.6,°C
2020-10-08 07:00,Dynamic viscosity at 60 °C,57.9,Pa.s
2020-10-08 07:00,Softening point,38.8,°C
2020-10-07 05:00,Softening point,39,°C
2020-10-07 05:00,Dynamic viscosity at 60 °C,46.3,Pa.s
2020-10-06 07:00,Softening point,38.6,°C
2020-10-06 07:00,Dynamic viscosity at 60 °C,42.9,Pa.s
2020-10-06 07:00,Softening point,39,°C
2020-10-05 07:00,Softening point,38.2,°C
2020-10-05 07:00,Softening point,37.8,°C
2020-10-05 07:00,Dynamic viscosity at 60 °C,48.6,Pa.s
2020-10-04 08:00,Softening point,39,°C
2020-10-04 08:00,Dynamic viscosity at 60 °C,48,Pa.s
2020-10-04 08:00,Softening point,38.4,°C
2020-10-03 11:00,Softening point,39.2,°C
2020-10-03 11:00,Dynamic viscosity at 60 °C,49,Pa.s
2020-10-03 11:00,Softening point,39,°C
2020-10-02 07:00,Softening point,51,°C
2020-10-02 07:00,Dynamic viscosity at 60 °C,306.2,Pa.s
2020-10-02 05:00,Softening point,38.8,°C
2020-10-02 05:00,Dynamic viscosity at 60 °C,51.3,Pa.s
2020-10-02 05:00,Density at 25 °C in air,1.025,g/cm³
2020-10-02 05:00,Density at 15 °C in vacuum,1032.3,kg/m³
2020-10-01 07:00,Softening point,38.6,°C
2020-10-01 05:00,Softening point,39.8,°C
2020-10-01 05:00,Dynamic viscosity at 60 °C,51.1,Pa.s
2020-09-30 07:00,Softening point,38.6,°C
2020-09-30 07:00,Dynamic viscosity at 60 °C,49,Pa.s
2020-09-29 07:00,Softening point,38.2,°C
2020-09-29 07:00,Dynamic viscosity at 60 °C,46,Pa.s
2020-09-29 05:00,Softening point,38.6,°C
2020-09-29 05:00,Dynamic viscosity at 60 °C,49.6,Pa.s
2020-09-29 05:00,Density at 25 °C in air,1.024,g/cm³
2020-09-29 05:00,Density at 15 °C in vacuum,1031.3,kg/m³
2020-09-28 07:00,Dynamic viscosity at 60 °C,43.7,Pa.s
2020-09-28 05:00,Softening point,39.2,°C
2020-09-28 05:00,Dynamic viscosity at 60 °C,50.6,Pa.s
2020-09-27 08:00,Softening point,39.2,°C
2020-09-27 08:00,Dynamic viscosity at 60 °C,50.2,Pa.s
2020-09-27 08:00,Softening point,39.2,°C
2020-09-27 08:00,Dynamic viscosity at 60 °C,48.8,Pa.s
2020-09-26 09:05,Softening point,38.6,°C
2020-09-26 09:05,Dynamic viscosity at 60 °C,44.4,Pa.s
2020-09-26 09:05,Softening point,39.4,°C
2020-09-26 09:05,Dynamic viscosity at 60 °C,53.3,Pa.s
2020-09-25 05:00,Dynamic viscosity at 60 °C,55.9,Pa.s
2020-09-25 05:00,Density at 15 °C in vacuum,1030.3,kg/m³
2020-09-25 05:00,Density at 25 °C in air,1.023,g/cm³
2020-09-24 07:00,Dynamic viscosity at 60 °C,58.8,Pa.s
2020-09-24 06:30,Dynamic viscosity at 60 °C,58.8,Pa.s
2020-09-23 05:00,Softening point,40.8,°C
2020-09-23 05:00,Dynamic viscosity at 60 °C,56,Pa.s
2020-09-22 07:00,Softening point,40.4,°C
2020-09-22 05:00,Dynamic viscosity at 60 °C,61.7,Pa.s
2020-09-21 05:00,Softening point,42,°C
2020-09-21 05:00,Dynamic viscosity at 60 °C,61.2,Pa.s
2020-09-20 06:00,Softening point,41.8,°C
2020-09-20 06:00,Dynamic viscosity at 60 °C,60.6,Pa.s
2020-09-20 06:00,Softening point,41.8,°C
2020-09-20 06:00,Brookfield viscosity at 160  °C,80,cP
2020-09-18 05:00,Softening point,62.5,°C
2020-09-18 05:00,Dynamic viscosity at 60 °C,62.5,Pa.s
2020-09-18 05:00,Density at 25 °C in air,1.022,g/cm³
2020-09-18 05:00,Density at 15 °C in vacuum,1029.3,kg/m³
2020-09-17 05:00,Dynamic viscosity at 60 °C,63.02,Pa.s
2020-09-17 05:00,Softening point,41,°C
2020-09-16 17:00,Softening point,41.6,°C
2020-09-16 05:00,Softening point,42.2,°C
2020-09-16 05:00,Dynamic viscosity at 60 °C,57.5,Pa.s
2020-09-15 07:00,Softening point,41.8,°C
2020-09-15 05:00,Softening point,53.4,°C
2020-09-15 05:00,Dynamic viscosity at 60 °C,585.9,Pa.s
2020-09-15 05:00,Dynamic viscosity at 60 °C,62.4,Pa.s
2020-09-14 04:30,Softening point,42.4,°C
2020-09-14 04:30,Dynamic viscosity at 60 °C,60.2,Pa.s
2020-09-14 04:30,Density at 25 °C in air,1.021,g/cm³
2020-09-14 04:30,Density at 15 °C in vacuum,1028.3,kg/m³
2020-09-13 12:00,Softening point,42.4,°C
2020-09-13 12:00,Dynamic viscosity at 60 °C,61.5,Pa.s
2020-09-12 06:00,Softening point,42.2,°C
2020-09-12 06:00,Dynamic viscosity at 60 °C,72.1,Pa.s
2020-09-12 06:00,Softening point,41.6,°C
2020-09-12 06:00,Dynamic viscosity at 60 °C,68.4,Pa.s
2020-09-11 15:45,Softening point,42.6,°C
2020-09-11 15:45,Dynamic viscosity at 60 °C,75.5,Pa.s
2020-09-11 15:45,Dynamic viscosity at 60 °C,70,Pa.s
2020-09-11 07:00,Dynamic viscosity at 60 °C,67.7,Pa.s
2020-09-10 07:00,Softening point,43,°C
2020-09-10 05:00,Dynamic viscosity at 60 °C,84.7,Pa.s
2020-09-09 05:00,Softening point,43.8,°C
2020-09-09 05:00,Dynamic viscosity at 60 °C,88.6,Pa.s
2020-09-08 07:00,Dynamic viscosity at 60 °C,91.6,Pa.s
2020-09-08 07:00,Softening point,43.2,°C
2020-09-07 05:00,Softening point,43.8,°C
2020-09-07 05:00,Dynamic viscosity at 60 °C,95.3,Pa.s
2020-09-06 09:00,Softening point,43.6,°C
2020-09-06 09:00,Dynamic viscosity at 60 °C,95.6,Pa.s
2020-09-06 09:00,Softening point,45.2,°C
2020-09-05 05:00,Softening point,43.2,°C
2020-09-05 05:00,Dynamic viscosity at 60 °C,92.5,Pa.s
2020-09-05 05:00,Softening point,44.2,°C
2020-09-05 05:00,Dynamic viscosity at 60 °C,103.8,Pa.s
2020-09-04 05:00,Dynamic viscosity at 60 °C,85.97,Pa.s
2020-09-04 05:00,Density at 25 °C in air,1.021,g/cm³
2020-09-04 05:00,Density at 15 °C in vacuum,1028.3,kg/m³
2020-09-03 07:00,Softening point,45.6,°C
2020-09-03 05:00,Softening point,47.2,°C
2020-09-03 05:00,Dynamic viscosity at 60 °C,174,Pa.s
2020-09-02 05:00,Softening point,48.6,°C
2020-09-02 05:00,Dynamic viscosity at 60 °C,213.7,Pa.s
2020-09-01 07:00,Softening point,46.8,°C
2020-09-01 07:00,Softening point,49,°C
2020-09-01 07:00,Dynamic viscosity at 60 °C,227.2,Pa.s
2020-08-25 14:00,Softening point,55,°C
2020-08-20 05:00,Softening point,38.4,°C
2020-08-20 05:00,Dynamic viscosity at 60 °C,41.4,Pa.s
2020-08-13 07:00,Softening point,57,°C
2020-08-11 07:00,Softening point,58,°C
2020-08-06 07:00,Softening point,58.8,°C
2020-07-31 07:00,Softening point,49,°C
2020-07-31 07:00,Dynamic viscosity at 60 °C,256.1,Pa.s
2020-07-30 05:00,Softening point,38.2,°C
2020-07-30 05:00,Dynamic viscosity at 60 °C,43.4,Pa.s
2020-07-30 05:00,Density at 15 °C,1025,kg/m³
2020-07-30 05:00,Softening point,44.4,°C
2020-07-30 05:00,Dynamic viscosity at 60 °C,110.3,Pa.s
2020-07-29 17:00,Softening point,41.8,°C
2020-07-29 05:00,Softening point,37.8,°C
2020-07-29 05:00,Dynamic viscosity at 60 °C,45.2,Pa.s
2020-07-29 05:00,Density at 25 °C in air,1.019,g/cm³
2020-07-29 05:00,Density at 15 °C in vacuum,1026.3,kg/m³
2020-07-29 05:00,Softening point,38.4,°C
2020-07-29 05:00,Dynamic viscosity at 60 °C,43.6,Pa.s
2020-07-29 05:00,Softening point,37.8,°C
2020-07-28 07:00,Softening point,38.4,°C
2020-07-28 07:00,Dynamic viscosity at 60 °C,43.2,Pa.s
2020-07-28 07:00,Softening point,38.6,°C
2020-07-27 05:00,Softening point,38.2,°C
2020-07-27 05:00,Dynamic viscosity at 60 °C,42.8,Pa.s
2020-07-26 13:00,Softening point,38.4,°C
2020-07-26 07:00,Softening point,38.4,°C
2020-07-26 07:00,Dynamic viscosity at 60 °C,43.2,Pa.s
2020-07-26 07:00,Softening point,38.2,°C
2020-07-24 05:00,Dynamic viscosity at 60 °C,42.6,Pa.s
2020-07-24 05:00,Density at 25 °C in air,1.02,g/cm³
2020-07-24 05:00,Density at 15 °C in vacuum,1027.3,kg/m³
2020-07-23 07:00,Softening point,37.6,°C
2020-07-23 05:00,Dynamic viscosity at 60 °C,42.2,Pa.s
2020-07-21 05:00,Dynamic viscosity at 60 °C,43.2,Pa.s
2020-07-20 05:00,Softening point,37.8,°C
2020-07-20 05:00,Dynamic viscosity at 60 °C,42.1,Pa.s
2020-07-19 07:00,Softening point,37.8,°C
2020-07-19 07:00,Dynamic viscosity at 60 °C,38.6,Pa.s
2020-07-19 07:00,Softening point,38,°C
2020-07-17 07:00,Dynamic viscosity at 60 °C,41.42,Pa.s
2020-07-16 07:00,Softening point,38.6,°C
2020-07-16 05:00,Softening point,37.4,°C
2020-07-16 05:00,Dynamic viscosity at 60 °C,37.7,Pa.s
2020-07-15 05:00,Softening point,38.1,°C
2020-07-15 05:00,Dynamic viscosity at 60 °C,41.2,Pa.s
2020-07-15 05:00,Density at 25 °C in air,1.017,g/cm³
2020-07-15 05:00,Density at 15 °C in vacuum,1024.3,kg/m³
2020-07-14 07:00,Softening point,37.8,°C
2020-07-14 05:00,Dynamic viscosity at 60 °C,41.47,Pa.s
2020-07-13 05:00,Softening point,37.2,°C
2020-07-13 05:00,Dynamic viscosity at 60 °C,40.98,Pa.s
2020-07-12 07:45,Softening point,37.6,°C
2020-07-12 07:45,Dynamic viscosity at 60 °C,37.3,Pa.s
2020-07-12 07:45,Density at 25 °C in air,1.017,g/cm³
2020-07-12 07:45,Density at 15 °C in vacuum,1024.3,kg/m³
2020-07-12 07:00,Softening point,37.4,°C
2020-07-11 10:00,Softening point,37.2,°C
2020-07-11 08:00,Softening point,37.6,°C
2020-07-11 08:00,Dynamic viscosity at 60 °C,41.2,Pa.s
2020-07-10 05:00,Softening point,40.3,°C
2020-07-10 05:00,Dynamic viscosity at 60 °C,40.3,Pa.s
2020-07-10 05:00,Density at 25 °C in air,1.017,g/cm³
2020-07-10 05:00,Density at 15 °C in vacuum,1024.3,kg/m³
2020-07-09 07:00,Softening point,37.2,°C
2020-07-09 05:00,Dynamic viscosity at 60 °C,40.2,Pa.s
2020-07-08 05:00,Softening point,37.8,°C
2020-07-08 05:00,Dynamic viscosity at 60 °C,40.5,Pa.s
2020-07-08 05:00,Density at 25 °C in air,1.022,g/cm³
2020-07-08 05:00,Density at 15 °C in vacuum,1029.3,kg/m³
2020-07-07 07:00,Softening point,36.6,°C
2020-07-07 05:00,Dynamic viscosity at 60 °C,40.2,Pa.s
2020-07-06 07:00,Softening point,36.4,°C
2020-07-06 05:00,Softening point,38,°C
2020-07-06 05:00,Dynamic viscosity at 60 °C,42.3,Pa.s
2020-07-05 08:00,Dynamic viscosity at 60 °C,39.6,Pa.s
2020-07-05 08:00,Dynamic viscosity at 60 °C,36.6,Pa.s
2020-07-05 08:00,Softening point,55.6,°C
2020-07-03 07:00,Dynamic viscosity at 60 °C,39.1,Pa.s
2020-07-03 05:00,Dynamic viscosity at 60 °C,41.3,Pa.s
2020-07-03 05:00,Density at 25 °C in air,1.017,g/cm³
2020-07-03 05:00,Density at 15 °C in vacuum,1024.3,kg/m³
2020-07-02 10:15,Softening point,37.6,°C
2020-07-02 10:15,Dynamic viscosity at 60 °C,39.9,Pa.s
2020-07-02 07:00,Softening point,38,°C
2020-07-01 05:00,Softening point,38,°C
2020-07-01 05:00,Dynamic viscosity at 60 °C,43.2,Pa.s
2020-07-01 05:00,Density at 25 °C in air,1.022,g/cm³
2020-07-01 05:00,Density at 15 °C in vacuum,1029.3,kg/m³
2020-06-30 07:00,Softening point,36.8,°C
2020-06-30 05:00,Softening point,37.6,°C
2020-06-30 05:00,Dynamic viscosity at 60 °C,39.1,Pa.s
2020-06-29 05:00,Dynamic viscosity at 60 °C,40.5,Pa.s
2020-06-29 05:00,Softening point,38.2,°C
2020-06-29 05:00,Softening point,37.8,°C
2020-06-29 05:00,Dynamic viscosity at 60 °C,35.3,Pa.s
2020-06-28 07:00,Softening point,35.8,°C
2020-06-28 07:00,Dynamic viscosity at 60 °C,38.3,Pa.s
2020-06-28 07:00,Softening point,35.4,°C
2020-06-27 16:00,Softening point,35.6,°C
2020-06-27 12:00,Softening point,35.2,°C
2020-06-27 12:00,Dynamic viscosity at 60 °C,38.4,Pa.s
2020-06-27 07:00,Softening point,34.6,°C
2020-06-26 05:00,Dynamic viscosity at 60 °C,35,Pa.s
2020-06-26 05:00,Density at 25 °C in air,1.017,g/cm³
2020-06-26 05:00,Density at 15 °C in vacuum,1024.3,kg/m³
2020-06-25 07:00,Softening point,38.2,°C
2020-06-25 05:00,Dynamic viscosity at 60 °C,34.1,Pa.s
2020-06-24 05:00,Softening point,37.4,°C
2020-06-24 05:00,Dynamic viscosity at 60 °C,34.1,Pa.s
2020-06-24 05:00,Density at 25 °C in air,1.016,g/cm³
2020-06-24 05:00,Density at 15 °C in vacuum,1023.3,kg/m³
2020-06-23 08:45,Softening point,38.4,°C
2020-06-23 07:00,Softening point,37.2,°C
2020-06-23 05:00,Dynamic viscosity at 60 °C,37.6,Pa.s
2020-06-22 07:00,Dynamic viscosity at 60 °C,37.9,Pa.s
2020-06-22 05:00,Softening point,38,°C
2020-06-22 05:00,Dynamic viscosity at 60 °C,38.5,Pa.s
2020-06-21 09:20,Softening point,38,°C
2020-06-21 09:20,Dynamic viscosity at 60 °C,36.8,Pa.s
2020-06-21 09:20,Softening point,37.2,°C
2020-06-21 09:20,Dynamic viscosity at 60 °C,38.2,Pa.s
2020-06-19 09:00,Softening point,37.8,°C
2020-06-19 09:00,Dynamic viscosity at 60 °C,36.7,Pa.s
2020-06-18 07:00,Softening point,36.8,°C
2020-06-18 05:05,Softening point,37.15,°C
2020-06-18 05:05,Dynamic viscosity at 60 °C,37.2,Pa.s
2020-06-17 07:00,Dynamic viscosity at 60 °C,36.9,Pa.s
2020-06-17 05:00,Softening point,37,°C
2020-06-17 05:00,Dynamic viscosity at 60 °C,37.5,Pa.s
2020-06-17 05:00,Density at 15 °C in vacuum,1020.3,kg/m³
2020-06-17 05:00,Density at 25 °C in air,1.013,g/cm³
2020-06-16 07:00,Softening point,36,°C
2020-06-16 05:00,Dynamic viscosity at 60 °C,37.1,Pa.s
2020-06-15 07:00,Dynamic viscosity at 60 °C,37.1,Pa.s
2020-06-15 05:00,Softening point,37.8,°C
2020-06-15 05:00,Dynamic viscosity at 60 °C,37,Pa.s
2020-06-14 09:00,Softening point,37.6,°C
2020-06-14 09:00,Dynamic viscosity at 60 °C,37.2,Pa.s
2020-06-14 09:00,Softening point,37.6,°C
2020-06-13 08:00,Softening point,37.2,°C
2020-06-13 08:00,Dynamic viscosity at 60 °C,38.8,Pa.s
2020-06-13 08:00,Softening point,38.2,°C
2020-06-12 07:00,Dynamic viscosity at 60 °C,36.68,Pa.s
2020-06-12 07:00,Softening point,37.67,°C
2020-06-12 07:00,Dynamic viscosity at 60 °C,37.7,Pa.s
2020-06-12 07:00,Density at 25 °C in air,1.015,g/cm³
2020-06-12 07:00,Density at 15 °C in vacuum,1022.3,kg/m³
2020-06-11 07:00,Softening point,36,°C
2020-06-11 07:00,Softening point,37.7,°C
2020-06-11 07:00,Dynamic viscosity at 60 °C,37.7,Pa.s
2020-06-10 07:00,Dynamic viscosity at 60 °C,30.5,Pa.s
2020-06-10 05:00,Softening point,38,°C
2020-06-10 05:00,Dynamic viscosity at 60 °C,37.8,Pa.s
2020-06-10 05:00,Density at 25 °C in air,1.066,g/cm³
2020-06-10 05:00,Density at 15 °C in vacuum,1073.3,kg/m³
2020-06-09 05:00,Dynamic viscosity at 60 °C,39.2,Pa.s
2020-06-09 05:00,Softening point,36.4,°C
2020-06-08 11:30,Softening point,37,°C
2020-06-08 11:30,Dynamic viscosity at 60 °C,37.6,Pa.s
2020-06-08 11:30,Density at 25 °C in air,1.014,g/cm³
2020-06-08 11:30,Density at 15 °C in vacuum,1021.3,kg/m³
2020-06-08 05:00,Softening point,37,°C
2020-06-08 05:00,Dynamic viscosity at 60 °C,38.7,Pa.s
2020-06-07 09:00,Softening point,37.8,°C
2020-06-07 09:00,Dynamic viscosity at 60 °C,40.4,Pa.s
2020-06-07 09:00,Density at 15 °C in vacuum,1020.3,kg/m³
2020-06-07 09:00,Density at 25 °C in air,1.013,g/cm³
2020-06-07 09:00,Dynamic viscosity at 60 °C,36.5,Pa.s
2020-06-05 07:00,Dynamic viscosity at 60 °C,38.7,Pa.s
2020-06-05 05:00,Dynamic viscosity at 60 °C,40.4,Pa.s
2020-06-05 05:00,Density at 15 °C in vacuum,1020.3,kg/m³
2020-06-05 05:00,Density at 25 °C in air,1.013,g/cm³
2020-06-04 07:00,Dynamic viscosity at 60 °C,40.7,Pa.s
2020-06-04 07:00,Dynamic viscosity at 60 °C,37.7,Pa.s
2020-06-03 07:30,Softening point,37.8,°C
2020-06-03 07:30,Dynamic viscosity at 60 °C,40.4,Pa.s
2020-06-03 05:00,Softening point,38.2,°C
2020-06-03 05:00,Dynamic viscosity at 60 °C,42.5,Pa.s
2020-06-03 05:00,Density at 25 °C in air,1.017,g/cm³
2020-06-03 05:00,Density at 15 °C in vacuum,1024.3,kg/m³
2020-06-02 07:00,Softening point,37.6,°C
2020-06-02 05:00,Dynamic viscosity at 60 °C,41.5,Pa.s
2020-06-01 05:00,Softening point,38.2,°C
2020-06-01 05:00,Dynamic viscosity at 60 °C,42.6,Pa.s
2020-05-31 09:00,Dynamic viscosity at 60 °C,42.8,Pa.s
2020-05-30 09:00,Dynamic viscosity at 60 °C,43.4,Pa.s
2020-05-29 07:00,Softening point,39,°C
2020-05-29 06:00,Softening point,39,°C
2020-05-29 06:00,Dynamic viscosity at 60 °C,40,Pa.s
2020-05-29 06:00,Density at 25 °C in air,1.017,g/cm³
2020-05-29 06:00,Density at 15 °C in vacuum,1024.3,kg/m³
2020-05-28 07:00,Softening point,38.4,°C
2020-05-28 05:00,Softening point,38.4,°C
2020-05-28 05:00,Dynamic viscosity at 60 °C,44,Pa.s
2020-05-27 07:00,Softening point,39.2,°C
2020-05-27 05:00,Softening point,38.8,°C
2020-05-27 05:00,Dynamic viscosity at 60 °C,43.1,Pa.s
2020-05-27 05:00,Density at 25 °C in air,1.016,g/cm³
2020-05-27 05:00,Density at 15 °C in vacuum,1023.3,kg/m³
2020-05-26 07:00,Softening point,38,°C
2020-05-26 05:00,Softening point,39,°C
2020-05-26 05:00,Dynamic viscosity at 60 °C,43.2,Pa.s
2020-05-25 07:00,Dynamic viscosity at 60 °C,40.8,Pa.s
2020-05-25 07:00,Softening point,39,°C
2020-05-25 05:00,Softening point,38.6,°C
2020-05-25 05:00,Dynamic viscosity at 60 °C,43.4,Pa.s
2020-05-24 08:00,Softening point,38,°C
2020-05-24 08:00,Dynamic viscosity at 60 °C,42.7,Pa.s
2020-05-24 08:00,Softening point,38,°C
2020-05-22 16:00,Softening point,38,°C
2020-05-22 16:00,Dynamic viscosity at 60 °C,35.5,Pa.s
2020-05-22 16:00,Density at 25 °C in air,1.0155,g/cm³
2020-05-22 16:00,Density at 15 °C in vacuum,1022.8,kg/m³
2020-05-22 16:00,Softening point,38,°C
2020-05-21 14:30,Softening point,38,°C
2020-05-21 14:30,Dynamic viscosity at 60 °C,42.1,Pa.s
2020-05-21 14:30,Softening point,38.2,°C
2020-05-21 14:30,Dynamic viscosity at 60 °C,42.9,Pa.s
2020-05-20 07:00,Softening point,38.4,°C
2020-05-20 05:00,Softening point,38.8,°C
2020-05-20 05:00,Dynamic viscosity at 60 °C,39.38,Pa.s
2020-05-20 05:00,Density at 25 °C in air,1.017,g/cm³
2020-05-20 05:00,Density at 15 °C in vacuum,1024.3,kg/m³
2020-05-19 07:00,Softening point,39,°C
2020-05-19 05:00,Softening point,52.8,°C
2020-05-19 05:00,Dynamic viscosity at 60 °C,433.9,Pa.s
2020-05-19 05:00,Softening point,43.2,°C
2020-05-18 05:00,Softening point,38.8,°C
2020-05-18 05:00,Dynamic viscosity at 60 °C,44.7,Pa.s
2020-05-17 08:00,Softening point,66,°C
2020-05-17 08:00,Softening point,46.8,°C
2020-05-17 08:00,Dynamic viscosity at 60 °C,166,Pa.s
2020-05-17 08:00,Softening point,38.4,°C
2020-05-17 08:00,Dynamic viscosity at 60 °C,42.8,Pa.s
2020-05-17 08:00,Softening point,37.6,°C
2020-05-17 05:00,Softening point,37.2,°C
2020-05-16 09:30,Softening point,38.2,°C
2020-05-16 09:30,Dynamic viscosity at 60 °C,38.8,Pa.s
2020-05-16 09:30,Density at 15 °C in vacuum,1025.3,kg/m³
2020-05-16 09:30,Density at 25 °C in air,1.018,g/cm³
2020-05-15 05:00,Softening point,37.2,°C
2020-05-15 05:00,Dynamic viscosity at 60 °C,42.24,Pa.s
2020-05-15 05:00,Softening point,38.6,°C
2020-05-15 05:00,Dynamic viscosity at 60 °C,44.32,Pa.s
2020-05-15 05:00,Density at 25 °C in air,1.018,g/cm³
2020-05-15 05:00,Density at 15 °C in vacuum,1025.3,kg/m³
2020-05-14 13:15,Softening point,37.6,°C
2020-05-14 13:15,Dynamic viscosity at 60 °C,37.8,Pa.s
2020-05-14 05:00,Softening point,37.8,°C
2020-05-14 05:00,Softening point,38.4,°C
2020-05-14 05:00,Dynamic viscosity at 60 °C,42.7,Pa.s
2020-05-13 05:00,Softening point,38.6,°C
2020-05-13 05:00,Dynamic viscosity at 60 °C,44.04,Pa.s
2020-05-13 05:00,Density at 25 °C in air,1.022,g/cm³
2020-05-13 05:00,Density at 15 °C in vacuum,1029.3,kg/m³
2020-05-12 05:00,Softening point,39.6,°C
2020-05-12 05:00,Dynamic viscosity at 60 °C,44.72,Pa.s
2020-05-11 05:00,Dynamic viscosity at 60 °C,45,Pa.s
2020-05-10 08:00,Softening point,45,°C
2020-05-10 08:00,Dynamic viscosity at 60 °C,45,Pa.s
2020-05-10 08:00,Softening point,61.8,°C
2020-05-10 08:00,Softening point,38.4,°C
2020-05-08 05:00,Dynamic viscosity at 60 °C,45.6,Pa.s
2020-05-08 05:00,Density at 25 °C in air,1.02,g/cm³
2020-05-08 05:00,Density at 15 °C in vacuum,1027.3,kg/m³
2020-05-08 05:00,Softening point,56.8,°C
2020-05-08 05:00,Dynamic viscosity at 60 °C,825.1,Pa.s
2020-05-08 05:00,Softening point,73.2,°C
2020-05-07 08:00,Softening point,73.6,°C
2020-05-07 05:00,Softening point,49.2,°C
2020-05-07 05:00,Dynamic viscosity at 60 °C,223.8,Pa.s
2020-05-07 05:00,Softening point,46.4,°C
2020-05-06 06:00,Softening point,39.4,°C
2020-05-06 06:00,Dynamic viscosity at 60 °C,41.5,Pa.s
2020-05-06 06:00,Density at 25 °C in air,1.021,g/cm³
2020-05-06 06:00,Density at 15 °C in vacuum,1028.3,kg/m³
2020-05-05 07:00,Softening point,40.6,°C
2020-05-05 05:00,Dynamic viscosity at 60 °C,45.5,Pa.s
2020-05-05 05:00,Softening point,37,°C
2020-05-05 05:00,Dynamic viscosity at 60 °C,32.84,Pa.s
2020-05-04 05:00,Softening point,39.8,°C
2020-05-04 05:00,Dynamic viscosity at 60 °C,47.8,Pa.s
2020-05-03 13:00,Softening point,38.8,°C
2020-05-03 08:00,Softening point,39.2,°C
2020-05-03 08:00,Dynamic viscosity at 60 °C,41,Pa.s
2020-05-02 08:00,Dynamic viscosity at 60 °C,43,Pa.s
2020-05-02 08:00,Density at 25 °C in air,1.021,g/cm³
2020-05-02 08:00,Density at 15 °C in vacuum,1028.3,kg/m³
2020-04-30 07:00,Softening point,39,°C
2020-04-30 05:00,Dynamic viscosity at 60 °C,44.5,Pa.s
2020-04-29 05:00,Softening point,39.2,°C
2020-04-29 05:00,Dynamic viscosity at 60 °C,45.2,Pa.s
2020-04-29 05:00,Density at 25 °C in air,1.018,g/cm³
2020-04-29 05:00,Density at 15 °C in vacuum,1025.3,kg/m³
2020-04-28 07:00,Softening point,38.2,°C
2020-04-28 05:00,Dynamic viscosity at 60 °C,44.3,Pa.s
2020-04-27 07:00,Softening point,39,°C
2020-04-27 07:00,Dynamic viscosity at 60 °C,45.3,Pa.s
2020-04-26 09:00,Dynamic viscosity at 60 °C,44.8,Pa.s
2020-04-26 09:00,Density at 25 °C in air,1.022,g/cm³
2020-04-26 09:00,Density at 15 °C in vacuum,1029.3,kg/m³
2020-04-24 05:00,Dynamic viscosity at 60 °C,41,Pa.s
2020-04-24 05:00,Density at 25 °C in air,1.017,g/cm³
2020-04-23 09:00,Softening point,39.3,°C
2020-04-23 09:00,Dynamic viscosity at 60 °C,44.4,Pa.s
2020-04-23 07:00,Softening point,39,°C
2020-04-23 07:00,Dynamic viscosity at 60 °C,44.8,Pa.s
2020-04-22 05:00,Softening point,45.2,°C
2020-04-22 05:00,Dynamic viscosity at 60 °C,45.2,Pa.s
2020-04-22 05:00,Density at 25 °C in air,1.019,g/cm³
2020-04-22 05:00,Density at 15 °C in vacuum,1026.3,kg/m³
2020-04-21 07:00,Softening point,38.8,°C
2020-04-21 05:00,Dynamic viscosity at 60 °C,45.2,Pa.s
2020-04-20 05:00,Dynamic viscosity at 60 °C,42.7,Pa.s
2020-04-19 09:00,Softening point,39,°C
2020-04-19 09:00,Dynamic viscosity at 60 °C,47.3,Pa.s
2020-04-19 09:00,Density at 25 °C in air,1.02,g/cm³
2020-04-19 09:00,Density at 15 °C in vacuum,1027.3,kg/m³
2020-04-18 11:30,Softening point,38.8,°C
2020-04-18 11:30,Dynamic viscosity at 60 °C,44.4,Pa.s
2020-04-17 08:30,Dynamic viscosity at 60 °C,48.4,Pa.s
2020-04-17 08:30,Density at 25 °C in air,1.017,g/cm³
2020-04-16 07:00,Softening point,38.8,°C
2020-04-15 07:00,Softening point,39.2,°C
2020-04-15 05:00,Softening point,39.2,°C
2020-04-15 05:00,Dynamic viscosity at 60 °C,51.8,Pa.s
2020-04-15 05:00,Density at 25 °C in air,1.02,g/cm³
2020-04-14 11:30,Softening point,40.4,°C
2020-04-14 11:30,Dynamic viscosity at 60 °C,52.1,Pa.s
2020-04-14 11:30,Softening point,50.6,°C
2020-04-14 05:00,Softening point,40.2,°C
2020-04-14 05:00,Dynamic viscosity at 60 °C,49.4,Pa.s
2020-04-13 10:00,Softening point,39.6,°C
2020-04-13 10:00,Dynamic viscosity at 60 °C,49,Pa.s
2020-04-13 10:00,Density at 25 °C in air,1.022,g/cm³
2020-04-13 10:00,Density at 15 °C in vacuum,1029.3,kg/m³
2020-04-13 07:00,Softening point,39.4,°C
2020-04-10 11:06,Softening point,39.8,°C
2020-04-10 11:06,Dynamic viscosity at 60 °C,49.2,Pa.s
2020-04-10 11:06,Density at 25 °C in air,1.019,g/cm³
2020-04-10 11:06,Density at 15 °C in vacuum,1026.3,kg/m³
2020-04-10 11:06,Softening point,39.6,°C
2020-04-10 11:06,Dynamic viscosity at 60 °C,49.5,Pa.s
2020-04-08 07:00,Softening point,40.4,°C
2020-04-08 07:00,Dynamic viscosity at 60 °C,49.1,Pa.s
2020-04-08 07:00,Density at 25 °C in air,1.019,g/cm³
2020-04-08 07:00,Density at 15 °C in vacuum,1026.3,kg/m³
2020-04-07 07:00,Softening point,40,°C
2020-04-07 05:00,Dynamic viscosity at 60 °C,45.1,Pa.s
2020-04-07 05:00,Density at 25 °C in air,1.023,g/cm³
2020-04-07 05:00,Density at 15 °C in vacuum,1030.3,kg/m³
2020-04-03 07:00,Softening point,46.2,°C
2020-04-03 05:00,Softening point,40.2,°C
2020-04-03 05:00,Dynamic viscosity at 60 °C,52.6,Pa.s
2020-04-02 07:00,Softening point,39.8,°C
2020-04-02 05:00,Softening point,39,°C
2020-04-02 05:00,Dynamic viscosity at 60 °C,51.1,Pa.s
2020-04-02 05:00,Density at 25 °C in air,1.019,g/cm³
2020-04-02 05:00,Density at 15 °C in vacuum,1026.3,kg/m³
2020-04-01 05:00,Softening point,39.8,°C
2020-04-01 05:00,Dynamic viscosity at 60 °C,49.9,Pa.s
2020-03-31 07:00,Softening point,39.8,°C
2020-03-29 10:00,Softening point,40.4,°C
2020-03-29 10:00,Dynamic viscosity at 60 °C,50.9,Pa.s
2020-03-29 08:00,Softening point,39.2,°C
2020-03-29 08:00,Dynamic viscosity at 60 °C,52.2,Pa.s
2020-03-28 10:00,Softening point,40.8,°C
2020-03-28 10:00,Dynamic viscosity at 60 °C,50.3,Pa.s
2020-03-27 07:00,Softening point,39.8,°C
2020-03-27 05:00,Softening point,40.2,°C
2020-03-27 05:00,Dynamic viscosity at 60 °C,45.2,Pa.s
2020-03-26 05:00,Softening point,40.8,°C
2020-03-26 05:00,Dynamic viscosity at 60 °C,51.4,Pa.s
2020-03-26 05:00,Softening point,39.8,°C
2020-03-25 05:00,Softening point,40,°C
2020-03-24 07:00,Softening point,40.6,°C
2020-03-23 05:00,Density at 25 °C in air,1.023,g/cm³
2020-03-23 05:00,Density at 15 °C in vacuum,1030.3,kg/m³
2020-03-22 08:00,Softening point,41,°C
2020-03-22 08:00,Dynamic viscosity at 60 °C,50.1,Pa.s
2020-03-20 05:00,Softening point,40.2,°C
2020-03-19 05:00,Softening point,40.4,°C
2020-03-19 05:00,Dynamic viscosity at 60 °C,45.7,Pa.s
2020-03-19 05:00,Density at 25 °C in air,1.023,g/cm³
2020-03-19 05:00,Density at 15 °C in vacuum,1030.3,kg/m³
2020-03-18 05:00,Softening point,40.2,°C
2020-03-18 05:00,Softening point,39.6,°C
2020-03-18 05:00,Dynamic viscosity at 60 °C,49.6,Pa.s
2020-03-18 05:00,Density at 25 °C in air,1.022,g/cm³
2020-03-18 05:00,Density at 15 °C in vacuum,1029.3,kg/m³
2020-03-17 05:00,Softening point,40.6,°C
2020-03-17 05:00,Dynamic viscosity at 60 °C,48.9,Pa.s
2020-03-16 05:00,Softening point,40,°C
2020-03-16 05:00,Softening point,39.8,°C
2020-03-16 05:00,Dynamic viscosity at 60 °C,46,Pa.s
2020-03-16 05:00,Density at 25 °C in air,1.022,g/cm³
2020-03-15 07:30,Softening point,40.4,°C
2020-03-15 07:30,Dynamic viscosity at 60 °C,50.3,Pa.s
2020-03-15 07:30,Density at 25 °C in air,1.023,g/cm³
2020-03-14 13:00,Softening point,40.8,°C
2020-03-13 05:00,Softening point,40.2,°C
2020-03-12 05:00,Softening point,40,°C
2020-03-12 05:00,Dynamic viscosity at 60 °C,49.4,Pa.s
2020-03-12 05:00,Density at 25 °C in air,1.022,g/cm³
2020-03-11 05:00,Softening point,39,°C
2020-03-11 05:00,Density at 25 °C in air,1.022,g/cm³
2020-03-11 05:00,Dynamic viscosity at 60 °C,53.2,Pa.s
2020-03-10 14:00,Softening point,38.2,°C
